[
    {
      "Time": "17:04:04.801",
      "ID": 0,
      "Speed": -17,
      "Class": 2,
      "Rx": -0.2,
      "Ry": 269.2
    },
    {
      "Time": "17:04:04.922",
      "ID": 0,
      "Speed": -17,
      "Class": 2,
      "Rx": -0.2,
      "Ry": 267.8
    },
    {
      "Time": "17:04:04.964",
      "ID": 0,
      "Speed": -16.75,
      "Class": 2,
      "Rx": -0.2,
      "Ry": 266.6
    },
    {
      "Time": "17:04:05.010",
      "ID": 0,
      "Speed": -16.75,
      "Class": 2,
      "Rx": -0.2,
      "Ry": 265.2
    },
    {
      "Time": "17:04:05.058",
      "ID": 0,
      "Speed": -16.75,
      "Class": 2,
      "Rx": -0.2,
      "Ry": 263.8
    },
    {
      "Time": "17:04:05.126",
      "ID": 0,
      "Speed": -16.75,
      "Class": 2,
      "Rx": -0.2,
      "Ry": 262.6
    },
    {
      "Time": "17:04:05.200",
      "ID": 0,
      "Speed": -16.75,
      "Class": 2,
      "Rx": -0.2,
      "Ry": 261.2
    },
    {
      "Time": "17:04:05.393",
      "ID": 0,
      "Speed": -16.75,
      "Class": 2,
      "Rx": -0.2,
      "Ry": 259.8
    },
    {
      "Time": "17:04:05.437",
      "ID": 0,
      "Speed": -16.75,
      "Class": 2,
      "Rx": -0.2,
      "Ry": 258.6
    },
    {
      "Time": "17:04:05.485",
      "ID": 0,
      "Speed": -16.75,
      "Class": 2,
      "Rx": -0.2,
      "Ry": 257.2
    },
    {
      "Time": "17:04:05.542",
      "ID": 0,
      "Speed": -16.75,
      "Class": 2,
      "Rx": -0.2,
      "Ry": 255.8
    },
    {
      "Time": "17:04:05.613",
      "ID": 0,
      "Speed": -16.75,
      "Class": 2,
      "Rx": -0.2,
      "Ry": 254.6
    },
    {
      "Time": "17:04:05.869",
      "ID": 0,
      "Speed": -16.75,
      "Class": 2,
      "Rx": -0.2,
      "Ry": 253.2
    },
    {
      "Time": "17:04:05.914",
      "ID": 0,
      "Speed": -16.75,
      "Class": 2,
      "Rx": -0.2,
      "Ry": 251.8
    },
    {
      "Time": "17:04:05.914",
      "ID": 0,
      "Speed": -16.75,
      "Class": 2,
      "Rx": -0.2,
      "Ry": 250.4
    },
    {
      "Time": "17:04:05.961",
      "ID": 0,
      "Speed": -16.75,
      "Class": 2,
      "Rx": -0.2,
      "Ry": 249.2
    },
    {
      "Time": "17:04:06.011",
      "ID": 0,
      "Speed": -16.75,
      "Class": 2,
      "Rx": -0.2,
      "Ry": 247.8
    },
    {
      "Time": "17:04:06.177",
      "ID": 0,
      "Speed": -16.75,
      "Class": 2,
      "Rx": -0.2,
      "Ry": 246.4
    },
    {
      "Time": "17:04:06.231",
      "ID": 0,
      "Speed": -16.75,
      "Class": 2,
      "Rx": -0.2,
      "Ry": 245
    },
    {
      "Time": "17:04:06.278",
      "ID": 0,
      "Speed": -16.75,
      "Class": 2,
      "Rx": -0.2,
      "Ry": 243.8
    },
    {
      "Time": "17:04:06.372",
      "ID": 0,
      "Speed": -16.75,
      "Class": 2,
      "Rx": -0.2,
      "Ry": 242.4
    },
    {
      "Time": "17:04:06.430",
      "ID": 0,
      "Speed": -16.75,
      "Class": 2,
      "Rx": -0.2,
      "Ry": 241
    },
    {
      "Time": "17:04:06.493",
      "ID": 0,
      "Speed": -16.75,
      "Class": 2,
      "Rx": -0.2,
      "Ry": 239.8
    },
    {
      "Time": "17:04:06.612",
      "ID": 0,
      "Speed": -16.75,
      "Class": 2,
      "Rx": -0.2,
      "Ry": 238.4
    },
    {
      "Time": "17:04:06.678",
      "ID": 0,
      "Speed": -16.75,
      "Class": 2,
      "Rx": -0.2,
      "Ry": 237
    },
    {
      "Time": "17:04:06.796",
      "ID": 0,
      "Speed": -16.75,
      "Class": 2,
      "Rx": -0.2,
      "Ry": 235.8
    },
    {
      "Time": "17:04:06.844",
      "ID": 0,
      "Speed": -16.75,
      "Class": 2,
      "Rx": -0.2,
      "Ry": 234.4
    },
    {
      "Time": "17:04:06.936",
      "ID": 0,
      "Speed": -16.75,
      "Class": 2,
      "Rx": -0.2,
      "Ry": 233
    },
    {
      "Time": "17:04:07.003",
      "ID": 0,
      "Speed": -16.75,
      "Class": 2,
      "Rx": -0.2,
      "Ry": 231.8
    },
    {
      "Time": "17:04:07.068",
      "ID": 0,
      "Speed": -16.75,
      "Class": 2,
      "Rx": -0.2,
      "Ry": 230.4
    },
    {
      "Time": "17:04:07.121",
      "ID": 0,
      "Speed": -16.75,
      "Class": 2,
      "Rx": -0.2,
      "Ry": 229
    },
    {
      "Time": "17:04:07.263",
      "ID": 0,
      "Speed": -16.75,
      "Class": 2,
      "Rx": -0.2,
      "Ry": 227.6
    },
    {
      "Time": "17:04:07.309",
      "ID": 0,
      "Speed": -16.75,
      "Class": 2,
      "Rx": -0.2,
      "Ry": 226.4
    },
    {
      "Time": "17:04:07.533",
      "ID": 0,
      "Speed": -16.75,
      "Class": 2,
      "Rx": -0.2,
      "Ry": 225
    },
    {
      "Time": "17:04:07.578",
      "ID": 0,
      "Speed": -16.75,
      "Class": 2,
      "Rx": -0.2,
      "Ry": 223.6
    },
    {
      "Time": "17:04:07.578",
      "ID": 0,
      "Speed": -17,
      "Class": 2,
      "Rx": -0.2,
      "Ry": 222.2
    },
    {
      "Time": "17:04:07.628",
      "ID": 0,
      "Speed": -16.75,
      "Class": 2,
      "Rx": -0.2,
      "Ry": 221
    },
    {
      "Time": "17:04:07.692",
      "ID": 0,
      "Speed": -16.75,
      "Class": 2,
      "Rx": -0.2,
      "Ry": 219.6
    },
    {
      "Time": "17:04:07.878",
      "ID": 0,
      "Speed": -16.75,
      "Class": 2,
      "Rx": -0.2,
      "Ry": 218.2
    },
    {
      "Time": "17:04:07.924",
      "ID": 0,
      "Speed": -17,
      "Class": 2,
      "Rx": -0.2,
      "Ry": 217
    },
    {
      "Time": "17:04:07.972",
      "ID": 0,
      "Speed": -16.75,
      "Class": 2,
      "Rx": -0.2,
      "Ry": 215.6
    },
    {
      "Time": "17:04:08.022",
      "ID": 0,
      "Speed": -16.75,
      "Class": 2,
      "Rx": -0.2,
      "Ry": 214.2
    },
    {
      "Time": "17:04:08.084",
      "ID": 0,
      "Speed": -16.75,
      "Class": 2,
      "Rx": -0.2,
      "Ry": 212.8
    },
    {
      "Time": "17:04:08.262",
      "ID": 0,
      "Speed": -17,
      "Class": 2,
      "Rx": -0.4,
      "Ry": 211.6
    },
    {
      "Time": "17:04:08.317",
      "ID": 0,
      "Speed": -16.75,
      "Class": 2,
      "Rx": -0.4,
      "Ry": 210.2
    },
    {
      "Time": "17:04:08.365",
      "ID": 0,
      "Speed": -17,
      "Class": 2,
      "Rx": -0.4,
      "Ry": 208.8
    },
    {
      "Time": "17:04:08.411",
      "ID": 0,
      "Speed": -16.75,
      "Class": 2,
      "Rx": -0.4,
      "Ry": 207.6
    },
    {
      "Time": "17:04:08.539",
      "ID": 0,
      "Speed": -17,
      "Class": 2,
      "Rx": -0.4,
      "Ry": 206.2
    },
    {
      "Time": "17:04:08.597",
      "ID": 0,
      "Speed": -16.75,
      "Class": 2,
      "Rx": -0.4,
      "Ry": 204.8
    },
    {
      "Time": "17:04:08.669",
      "ID": 0,
      "Speed": -17,
      "Class": 2,
      "Rx": -0.4,
      "Ry": 203.4
    },
    {
      "Time": "17:04:08.735",
      "ID": 0,
      "Speed": -16.75,
      "Class": 2,
      "Rx": -0.4,
      "Ry": 202.2
    },
    {
      "Time": "17:04:08.871",
      "ID": 0,
      "Speed": -17,
      "Class": 2,
      "Rx": -0.4,
      "Ry": 200.8
    },
    {
      "Time": "17:04:08.917",
      "ID": 0,
      "Speed": -16.75,
      "Class": 2,
      "Rx": -0.4,
      "Ry": 199.4
    },
    {
      "Time": "17:04:09.013",
      "ID": 0,
      "Speed": -17,
      "Class": 2,
      "Rx": -0.4,
      "Ry": 198.2
    },
    {
      "Time": "17:04:09.077",
      "ID": 0,
      "Speed": -16.75,
      "Class": 2,
      "Rx": -0.4,
      "Ry": 196.8
    },
    {
      "Time": "17:04:09.131",
      "ID": 0,
      "Speed": -17,
      "Class": 2,
      "Rx": -0.4,
      "Ry": 195.4
    },
    {
      "Time": "17:04:09.251",
      "ID": 0,
      "Speed": -17,
      "Class": 2,
      "Rx": -0.4,
      "Ry": 194
    },
    {
      "Time": "17:04:09.331",
      "ID": 0,
      "Speed": -17,
      "Class": 2,
      "Rx": -0.4,
      "Ry": 192.8
    },
    {
      "Time": "17:04:09.391",
      "ID": 0,
      "Speed": -17,
      "Class": 2,
      "Rx": -0.4,
      "Ry": 191.4
    },
    {
      "Time": "17:04:09.503",
      "ID": 0,
      "Speed": -17,
      "Class": 2,
      "Rx": -0.4,
      "Ry": 190
    },
    {
      "Time": "17:04:09.575",
      "ID": 0,
      "Speed": -17,
      "Class": 2,
      "Rx": -0.4,
      "Ry": 188.6
    },
    {
      "Time": "17:04:09.653",
      "ID": 0,
      "Speed": -17,
      "Class": 2,
      "Rx": -0.2,
      "Ry": 187.4
    },
    {
      "Time": "17:04:09.717",
      "ID": 0,
      "Speed": -17,
      "Class": 2,
      "Rx": -0.4,
      "Ry": 186
    },
    {
      "Time": "17:04:09.773",
      "ID": 0,
      "Speed": -17,
      "Class": 2,
      "Rx": -0.4,
      "Ry": 184.6
    },
    {
      "Time": "17:04:09.839",
      "ID": 0,
      "Speed": -17,
      "Class": 2,
      "Rx": -0.4,
      "Ry": 183.4
    },
    {
      "Time": "17:04:09.974",
      "ID": 0,
      "Speed": -17,
      "Class": 2,
      "Rx": -0.4,
      "Ry": 182
    },
    {
      "Time": "17:04:10.046",
      "ID": 0,
      "Speed": -17,
      "Class": 2,
      "Rx": -0.4,
      "Ry": 180.6
    },
    {
      "Time": "17:04:10.145",
      "ID": 0,
      "Speed": -17,
      "Class": 2,
      "Rx": -0.4,
      "Ry": 179.2
    },
    {
      "Time": "17:04:10.185",
      "ID": 0,
      "Speed": -17,
      "Class": 2,
      "Rx": -0.4,
      "Ry": 178
    },
    {
      "Time": "17:04:10.285",
      "ID": 0,
      "Speed": -17,
      "Class": 2,
      "Rx": -0.2,
      "Ry": 176.6
    },
    {
      "Time": "17:04:10.355",
      "ID": 0,
      "Speed": -17,
      "Class": 2,
      "Rx": -0.2,
      "Ry": 175.2
    },
    {
      "Time": "17:04:10.414",
      "ID": 0,
      "Speed": -17,
      "Class": 2,
      "Rx": -0.2,
      "Ry": 173.8
    },
    {
      "Time": "17:04:10.534",
      "ID": 0,
      "Speed": -17,
      "Class": 2,
      "Rx": -0.2,
      "Ry": 172.4
    },
    {
      "Time": "17:04:10.600",
      "ID": 0,
      "Speed": -17,
      "Class": 2,
      "Rx": -0.2,
      "Ry": 171.2
    },
    {
      "Time": "17:04:10.670",
      "ID": 0,
      "Speed": -17,
      "Class": 2,
      "Rx": -0.2,
      "Ry": 169.8
    },
    {
      "Time": "17:04:10.896",
      "ID": 0,
      "Speed": -17,
      "Class": 2,
      "Rx": -0.2,
      "Ry": 168.4
    },
    {
      "Time": "17:04:10.896",
      "ID": 0,
      "Speed": -17,
      "Class": 2,
      "Rx": -0.2,
      "Ry": 167
    },
    {
      "Time": "17:04:10.942",
      "ID": 0,
      "Speed": -17,
      "Class": 2,
      "Rx": -0.2,
      "Ry": 165.8
    },
    {
      "Time": "17:04:10.989",
      "ID": 0,
      "Speed": -17,
      "Class": 2,
      "Rx": -0.2,
      "Ry": 164.4
    },
    {
      "Time": "17:04:11.104",
      "ID": 0,
      "Speed": -17,
      "Class": 2,
      "Rx": -0.2,
      "Ry": 163
    },
    {
      "Time": "17:04:11.160",
      "ID": 0,
      "Speed": -17,
      "Class": 2,
      "Rx": -0.2,
      "Ry": 161.6
    },
    {
      "Time": "17:04:11.218",
      "ID": 0,
      "Speed": -17,
      "Class": 2,
      "Rx": -0.2,
      "Ry": 160.4
    },
    {
      "Time": "17:04:11.353",
      "ID": 0,
      "Speed": -17,
      "Class": 2,
      "Rx": -0.2,
      "Ry": 159
    },
    {
      "Time": "17:04:11.526",
      "ID": 0,
      "Speed": -17,
      "Class": 2,
      "Rx": -0.2,
      "Ry": 157.6
    },
    {
      "Time": "17:04:11.576",
      "ID": 0,
      "Speed": -17,
      "Class": 2,
      "Rx": -0.2,
      "Ry": 156.2
    },
    {
      "Time": "17:04:11.576",
      "ID": 0,
      "Speed": -17,
      "Class": 2,
      "Rx": -0.2,
      "Ry": 155
    },
    {
      "Time": "17:04:11.668",
      "ID": 0,
      "Speed": -17,
      "Class": 2,
      "Rx": -0.2,
      "Ry": 153.6
    },
    {
      "Time": "17:04:11.728",
      "ID": 0,
      "Speed": -17,
      "Class": 2,
      "Rx": -0.2,
      "Ry": 152.2
    },
    {
      "Time": "17:04:11.857",
      "ID": 0,
      "Speed": -17,
      "Class": 2,
      "Rx": -0.2,
      "Ry": 151
    },
    {
      "Time": "17:04:11.904",
      "ID": 0,
      "Speed": -17,
      "Class": 2,
      "Rx": -0.2,
      "Ry": 149.6
    },
    {
      "Time": "17:04:11.953",
      "ID": 0,
      "Speed": -17,
      "Class": 2,
      "Rx": -0.2,
      "Ry": 148.2
    },
    {
      "Time": "17:04:12.013",
      "ID": 0,
      "Speed": -17,
      "Class": 2,
      "Rx": -0.2,
      "Ry": 146.8
    },
    {
      "Time": "17:04:12.148",
      "ID": 0,
      "Speed": -17,
      "Class": 2,
      "Rx": -0.2,
      "Ry": 145.6
    },
    {
      "Time": "17:04:12.213",
      "ID": 0,
      "Speed": -17,
      "Class": 2,
      "Rx": -0.2,
      "Ry": 144.2
    },
    {
      "Time": "17:04:12.275",
      "ID": 0,
      "Speed": -17,
      "Class": 2,
      "Rx": -0.2,
      "Ry": 142.8
    },
    {
      "Time": "17:04:12.341",
      "ID": 0,
      "Speed": -17,
      "Class": 2,
      "Rx": -0.2,
      "Ry": 141.4
    },
    {
      "Time": "17:04:12.454",
      "ID": 0,
      "Speed": -17,
      "Class": 2,
      "Rx": -0.2,
      "Ry": 140.2
    },
    {
      "Time": "17:04:12.505",
      "ID": 0,
      "Speed": -17,
      "Class": 2,
      "Rx": -0.2,
      "Ry": 138.8
    },
    {
      "Time": "17:04:12.669",
      "ID": 0,
      "Speed": -17,
      "Class": 2,
      "Rx": -0.2,
      "Ry": 137.4
    },
    {
      "Time": "17:04:12.735",
      "ID": 0,
      "Speed": -17,
      "Class": 2,
      "Rx": 0,
      "Ry": 136.2
    },
    {
      "Time": "17:04:12.787",
      "ID": 0,
      "Speed": -17,
      "Class": 2,
      "Rx": 0,
      "Ry": 134.8
    },
    {
      "Time": "17:04:12.835",
      "ID": 0,
      "Speed": -17,
      "Class": 2,
      "Rx": 0,
      "Ry": 133.4
    },
    {
      "Time": "17:04:12.883",
      "ID": 0,
      "Speed": -17,
      "Class": 2,
      "Rx": 0,
      "Ry": 132
    },
    {
      "Time": "17:04:13.007",
      "ID": 0,
      "Speed": -17,
      "Class": 2,
      "Rx": 0,
      "Ry": 130.6
    },
    {
      "Time": "17:04:13.063",
      "ID": 0,
      "Speed": -17,
      "Class": 2,
      "Rx": 0,
      "Ry": 129.4
    },
    {
      "Time": "17:04:13.143",
      "ID": 0,
      "Speed": -17,
      "Class": 2,
      "Rx": 0,
      "Ry": 128
    },
    {
      "Time": "17:04:13.213",
      "ID": 0,
      "Speed": -17,
      "Class": 2,
      "Rx": 0,
      "Ry": 126.6
    },
    {
      "Time": "17:04:13.334",
      "ID": 0,
      "Speed": -17,
      "Class": 2,
      "Rx": 0,
      "Ry": 125.2
    },
    {
      "Time": "17:04:13.517",
      "ID": 0,
      "Speed": -17,
      "Class": 2,
      "Rx": -0.2,
      "Ry": 123.8
    },
    {
      "Time": "17:04:13.565",
      "ID": 0,
      "Speed": -17,
      "Class": 2,
      "Rx": -0.2,
      "Ry": 122.6
    },
    {
      "Time": "17:04:13.565",
      "ID": 0,
      "Speed": -17,
      "Class": 2,
      "Rx": -0.2,
      "Ry": 121.2
    },
    {
      "Time": "17:04:13.661",
      "ID": 0,
      "Speed": -17,
      "Class": 2,
      "Rx": -0.2,
      "Ry": 119.8
    },
    {
      "Time": "17:04:13.719",
      "ID": 0,
      "Speed": -17,
      "Class": 2,
      "Rx": -0.2,
      "Ry": 118.4
    },
    {
      "Time": "17:04:13.814",
      "ID": 0,
      "Speed": -17,
      "Class": 2,
      "Rx": -0.2,
      "Ry": 117
    },
    {
      "Time": "17:04:13.911",
      "ID": 0,
      "Speed": -17,
      "Class": 2,
      "Rx": -0.2,
      "Ry": 115.8
    },
    {
      "Time": "17:04:13.957",
      "ID": 0,
      "Speed": -17,
      "Class": 2,
      "Rx": -0.2,
      "Ry": 114.4
    },
    {
      "Time": "17:04:14.043",
      "ID": 0,
      "Speed": -17,
      "Class": 2,
      "Rx": -0.2,
      "Ry": 113
    },
    {
      "Time": "17:04:14.115",
      "ID": 0,
      "Speed": -17,
      "Class": 2,
      "Rx": -0.2,
      "Ry": 111.6
    },
    {
      "Time": "17:04:14.217",
      "ID": 0,
      "Speed": -17,
      "Class": 2,
      "Rx": -0.2,
      "Ry": 110.4
    },
    {
      "Time": "17:04:14.393",
      "ID": 0,
      "Speed": -17,
      "Class": 2,
      "Rx": -0.2,
      "Ry": 109
    },
    {
      "Time": "17:04:14.445",
      "ID": 0,
      "Speed": -17,
      "Class": 2,
      "Rx": -0.2,
      "Ry": 107.6
    },
    {
      "Time": "17:04:14.445",
      "ID": 0,
      "Speed": -17,
      "Class": 2,
      "Rx": -0.2,
      "Ry": 106.2
    },
    {
      "Time": "17:04:14.535",
      "ID": 0,
      "Speed": -17,
      "Class": 2,
      "Rx": -0.2,
      "Ry": 104.8
    },
    {
      "Time": "17:04:14.587",
      "ID": 0,
      "Speed": -17,
      "Class": 2,
      "Rx": -0.2,
      "Ry": 103.6
    },
    {
      "Time": "17:04:14.653",
      "ID": 0,
      "Speed": -17,
      "Class": 2,
      "Rx": -0.2,
      "Ry": 102.2
    },
    {
      "Time": "17:04:14.775",
      "ID": 0,
      "Speed": -17,
      "Class": 2,
      "Rx": -0.2,
      "Ry": 100.8
    },
    {
      "Time": "17:04:14.895",
      "ID": 0,
      "Speed": -17,
      "Class": 2,
      "Rx": 0,
      "Ry": 99.4
    },
    {
      "Time": "17:04:14.935",
      "ID": 0,
      "Speed": -17,
      "Class": 2,
      "Rx": -0.2,
      "Ry": 98
    },
    {
      "Time": "17:04:15.028",
      "ID": 0,
      "Speed": -17,
      "Class": 2,
      "Rx": 0,
      "Ry": 96.8
    },
    {
      "Time": "17:04:15.074",
      "ID": 0,
      "Speed": -17,
      "Class": 2,
      "Rx": 0,
      "Ry": 95.4
    },
    {
      "Time": "17:04:15.168",
      "ID": 0,
      "Speed": -17,
      "Class": 2,
      "Rx": 0.2,
      "Ry": 94
    },
    {
      "Time": "17:04:15.228",
      "ID": 0,
      "Speed": -17,
      "Class": 2,
      "Rx": 0.2,
      "Ry": 92.8
    },
    {
      "Time": "17:04:15.336",
      "ID": 0,
      "Speed": -17,
      "Class": 2,
      "Rx": 0,
      "Ry": 91.4
    },
    {
      "Time": "17:04:15.392",
      "ID": 0,
      "Speed": -17,
      "Class": 2,
      "Rx": 0,
      "Ry": 90
    },
    {
      "Time": "17:04:15.463",
      "ID": 0,
      "Speed": -17,
      "Class": 2,
      "Rx": 0,
      "Ry": 88.6
    },
    {
      "Time": "17:04:15.593",
      "ID": 0,
      "Speed": -17,
      "Class": 2,
      "Rx": 0,
      "Ry": 87.2
    },
    {
      "Time": "17:04:15.641",
      "ID": 0,
      "Speed": -17,
      "Class": 2,
      "Rx": 0,
      "Ry": 86
    },
    {
      "Time": "17:04:15.743",
      "ID": 0,
      "Speed": -17,
      "Class": 2,
      "Rx": 0,
      "Ry": 84.6
    },
    {
      "Time": "17:04:15.844",
      "ID": 0,
      "Speed": -17,
      "Class": 2,
      "Rx": 0,
      "Ry": 83.2
    },
    {
      "Time": "17:04:15.892",
      "ID": 0,
      "Speed": -17,
      "Class": 2,
      "Rx": 0,
      "Ry": 81.8
    },
    {
      "Time": "17:04:16.004",
      "ID": 0,
      "Speed": -17,
      "Class": 2,
      "Rx": 0,
      "Ry": 80.4
    },
    {
      "Time": "17:04:16.054",
      "ID": 0,
      "Speed": -17,
      "Class": 2,
      "Rx": 0,
      "Ry": 79.2
    },
    {
      "Time": "17:04:16.194",
      "ID": 0,
      "Speed": -17,
      "Class": 2,
      "Rx": 0,
      "Ry": 77.8
    },
    {
      "Time": "17:04:16.244",
      "ID": 0,
      "Speed": -17,
      "Class": 2,
      "Rx": 0,
      "Ry": 76.4
    },
    {
      "Time": "17:04:16.288",
      "ID": 0,
      "Speed": -17,
      "Class": 2,
      "Rx": 0,
      "Ry": 75
    },
    {
      "Time": "17:04:16.338",
      "ID": 0,
      "Speed": -17,
      "Class": 2,
      "Rx": 0,
      "Ry": 73.6
    },
    {
      "Time": "17:04:16.445",
      "ID": 0,
      "Speed": -17,
      "Class": 2,
      "Rx": 0,
      "Ry": 72.2
    },
    {
      "Time": "17:04:16.507",
      "ID": 0,
      "Speed": -17,
      "Class": 2,
      "Rx": 0,
      "Ry": 71
    },
    {
      "Time": "17:04:16.579",
      "ID": 0,
      "Speed": -17,
      "Class": 2,
      "Rx": -0.2,
      "Ry": 69.6
    },
    {
      "Time": "17:04:16.643",
      "ID": 0,
      "Speed": -17,
      "Class": 2,
      "Rx": -0.2,
      "Ry": 68.2
    },
    {
      "Time": "17:04:16.792",
      "ID": 0,
      "Speed": -17,
      "Class": 2,
      "Rx": -0.2,
      "Ry": 66.8
    },
    {
      "Time": "17:04:16.857",
      "ID": 0,
      "Speed": -17,
      "Class": 2,
      "Rx": -0.2,
      "Ry": 65.6
    },
    {
      "Time": "17:04:17.031",
      "ID": 0,
      "Speed": -17.25,
      "Class": 2,
      "Rx": -0.2,
      "Ry": 64.2
    },
    {
      "Time": "17:04:17.117",
      "ID": 0,
      "Speed": -17,
      "Class": 2,
      "Rx": -0.2,
      "Ry": 62.8
    },
    {
      "Time": "17:04:17.173",
      "ID": 0,
      "Speed": -17,
      "Class": 2,
      "Rx": -0.2,
      "Ry": 61.4
    },
    {
      "Time": "17:04:17.219",
      "ID": 0,
      "Speed": -17,
      "Class": 2,
      "Rx": -0.2,
      "Ry": 60.2
    },
    {
      "Time": "17:04:17.266",
      "ID": 0,
      "Speed": -17,
      "Class": 2,
      "Rx": -0.2,
      "Ry": 58.8
    },
    {
      "Time": "17:04:17.314",
      "ID": 0,
      "Speed": -17,
      "Class": 2,
      "Rx": -0.2,
      "Ry": 57.4
    },
    {
      "Time": "17:04:17.374",
      "ID": 0,
      "Speed": -17,
      "Class": 2,
      "Rx": -0.2,
      "Ry": 56
    },
    {
      "Time": "17:04:17.482",
      "ID": 0,
      "Speed": -17,
      "Class": 2,
      "Rx": -0.2,
      "Ry": 54.6
    },
    {
      "Time": "17:04:17.536",
      "ID": 0,
      "Speed": -17.25,
      "Class": 2,
      "Rx": -0.2,
      "Ry": 53.4
    },
    {
      "Time": "17:04:17.609",
      "ID": 0,
      "Speed": -17,
      "Class": 2,
      "Rx": -0.2,
      "Ry": 52
    },
    {
      "Time": "17:04:17.729",
      "ID": 0,
      "Speed": -17,
      "Class": 2,
      "Rx": -0.2,
      "Ry": 50.6
    },
    {
      "Time": "17:04:17.787",
      "ID": 0,
      "Speed": -17,
      "Class": 2,
      "Rx": -0.2,
      "Ry": 49.2
    },
    {
      "Time": "17:04:17.853",
      "ID": 0,
      "Speed": -17,
      "Class": 2,
      "Rx": -0.2,
      "Ry": 48
    },
    {
      "Time": "17:04:18.026",
      "ID": 0,
      "Speed": -17,
      "Class": 2,
      "Rx": -0.2,
      "Ry": 46.6
    },
    {
      "Time": "17:04:18.070",
      "ID": 0,
      "Speed": -17,
      "Class": 2,
      "Rx": -0.2,
      "Ry": 45.2
    },
    {
      "Time": "17:04:18.118",
      "ID": 0,
      "Speed": -17,
      "Class": 2,
      "Rx": -0.2,
      "Ry": 43.8
    },
    {
      "Time": "17:04:18.289",
      "ID": 0,
      "Speed": -17,
      "Class": 2,
      "Rx": 0,
      "Ry": 42.4
    },
    {
      "Time": "17:04:18.368",
      "ID": 0,
      "Speed": -17.25,
      "Class": 2,
      "Rx": 0,
      "Ry": 41.2
    },
    {
      "Time": "17:04:18.368",
      "ID": 0,
      "Speed": -17.25,
      "Class": 2,
      "Rx": 0,
      "Ry": 39.8
    },
    {
      "Time": "17:04:18.418",
      "ID": 0,
      "Speed": -17,
      "Class": 2,
      "Rx": 0,
      "Ry": 38.4
    },
    {
      "Time": "17:04:18.594",
      "ID": 0,
      "Speed": -17,
      "Class": 2,
      "Rx": 0,
      "Ry": 37
    },
    {
      "Time": "17:04:18.639",
      "ID": 0,
      "Speed": -17.25,
      "Class": 2,
      "Rx": 0,
      "Ry": 35.6
    },
    {
      "Time": "17:04:18.707",
      "ID": 0,
      "Speed": -17,
      "Class": 2,
      "Rx": 0,
      "Ry": 34.2
    },
    {
      "Time": "17:04:18.817",
      "ID": 0,
      "Speed": -17,
      "Class": 2,
      "Rx": 0,
      "Ry": 33
    },
    {
      "Time": "17:04:18.873",
      "ID": 0,
      "Speed": -17.25,
      "Class": 2,
      "Rx": 0,
      "Ry": 31.6
    },
    {
      "Time": "17:04:18.952",
      "ID": 0,
      "Speed": -17.25,
      "Class": 2,
      "Rx": 0,
      "Ry": 30.2
    },
    {
      "Time": "17:04:19.022",
      "ID": 0,
      "Speed": -17,
      "Class": 2,
      "Rx": 0,
      "Ry": 28.8
    },
    {
      "Time": "17:04:19.084",
      "ID": 0,
      "Speed": -17.25,
      "Class": 2,
      "Rx": 0,
      "Ry": 27.4
    },
    {
      "Time": "17:04:19.238",
      "ID": 0,
      "Speed": -17.25,
      "Class": 2,
      "Rx": 0,
      "Ry": 26
    },
    {
      "Time": "17:04:19.283",
      "ID": 0,
      "Speed": -17.25,
      "Class": 2,
      "Rx": 0,
      "Ry": 24.6
    },
    {
      "Time": "17:04:19.335",
      "ID": 0,
      "Speed": -17.25,
      "Class": 2,
      "Rx": 0,
      "Ry": 23.4
    },
    {
      "Time": "17:04:19.413",
      "ID": 0,
      "Speed": -17.25,
      "Class": 2,
      "Rx": 0,
      "Ry": 22
    },
    {
      "Time": "17:04:19.457",
      "ID": 0,
      "Speed": -17.25,
      "Class": 2,
      "Rx": 0,
      "Ry": 20.6
    },
    {
      "Time": "17:04:19.553",
      "ID": 0,
      "Speed": -17.25,
      "Class": 2,
      "Rx": 0,
      "Ry": 19.2
    },
    {
      "Time": "17:04:19.611",
      "ID": 0,
      "Speed": -17.25,
      "Class": 2,
      "Rx": 0,
      "Ry": 17.8
    },
    {
      "Time": "17:04:19.739",
      "ID": 0,
      "Speed": -17.25,
      "Class": 2,
      "Rx": 0,
      "Ry": 16.4
    },
    {
      "Time": "17:04:19.793",
      "ID": 0,
      "Speed": -17.25,
      "Class": 2,
      "Rx": 0,
      "Ry": 15
    },
    {
      "Time": "17:04:19.855",
      "ID": 0,
      "Speed": -17.25,
      "Class": 2,
      "Rx": 0,
      "Ry": 13.6
    },
    {
      "Time": "17:04:19.970",
      "ID": 0,
      "Speed": -17.25,
      "Class": 2,
      "Rx": 0,
      "Ry": 12.2
    },
    {
      "Time": "17:04:20.033",
      "ID": 0,
      "Speed": -17.25,
      "Class": 2,
      "Rx": 0,
      "Ry": 10.6
    },
    {
      "Time": "17:04:20.091",
      "ID": 0,
      "Speed": -17.25,
      "Class": 2,
      "Rx": 0,
      "Ry": 9.2
    },
    {
      "Time": "17:04:20.174",
      "ID": 0,
      "Speed": -17.25,
      "Class": 2,
      "Rx": 0,
      "Ry": 7.4
    },
    {
      "Time": "17:04:20.303",
      "ID": 0,
      "Speed": -17.25,
      "Class": 2,
      "Rx": 0,
      "Ry": 5.6
    },
    {
      "Time": "17:04:20.416",
      "ID": 0,
      "Speed": -17.25,
      "Class": 2,
      "Rx": 0,
      "Ry": 3.6
    },
    {
      "Time": "17:04:20.458",
      "ID": 0,
      "Speed": -16.75,
      "Class": 2,
      "Rx": 0,
      "Ry": 5.6
    },
    {
      "Time": "17:04:20.506",
      "ID": 0,
      "Speed": -16.75,
      "Class": 2,
      "Rx": 0,
      "Ry": 4.2
    },
    {
      "Time": "17:04:20.558",
      "ID": 0,
      "Speed": -16.75,
      "Class": 2,
      "Rx": 0,
      "Ry": 3
    },
    {
      "Time": "17:04:20.678",
      "ID": 0,
      "Speed": -16.75,
      "Class": 2,
      "Rx": 0,
      "Ry": 1.6
    },
    {
      "Time": "17:04:20.761",
      "ID": 0,
      "Speed": -16.75,
      "Class": 2,
      "Rx": 0,
      "Ry": 0.2
    }
   ]