[
    {
        "Target-ID": 10, 
        "TarDisLong": 25,
        "TarDisLat": 9,
        "TarDis": 10,
        "TarAngle": 10,
        "TarVrelLong": 7,
        "TarVrelLat": 7,
        "TarVrel": 10,
        "TarClass": 0,
        "RoadNo": 5,
        "CourseAngle": 10,
        "RadarType": 10,
        "Time": "2023-02-15 13:51:13.317390",
        "Target-Distance": "26",
        "Target-Angle": "0.34555558058171215"
    },
    {
        "Target-ID": 10,
        "TarDisLong": 25,
        "TarDisLat": 10,
        "TarDis": 10,
        "TarAngle": 10,
        "TarVrelLong": 7,
        "TarVrelLat": 7,
        "TarVrel": 10,
        "TarClass": 0,
        "RoadNo": 5,
        "CourseAngle": 10,
        "RadarType": 10,
        "Time": "2023-02-15 13:51:13.381387",
        "Target-Distance": "26",
        "Target-Angle": "0.3805063771123649"
    },
    {
        "Target-ID": 10,
        "TarDisLong": 26,
        "TarDisLat": 10,
        "TarDis": 10,
        "TarAngle": 10,
        "TarVrelLong": 7,
        "TarVrelLat": 7,
        "TarVrel": 10,
        "TarClass": 0,
        "RoadNo": 5,
        "CourseAngle": 10,
        "RadarType": 10,
        "Time": "2023-02-15 13:51:13.450246",
        "Target-Distance": "27",
        "Target-Angle": "0.3671738338182192"
    },
    {
        "Target-ID": 10,
        "TarDisLong": 26,
        "TarDisLat": 11,
        "TarDis": 10,
        "TarAngle": 10,
        "TarVrelLong": 7,
        "TarVrelLat": 7,
        "TarVrel": 10,
        "TarClass": 0,
        "RoadNo": 6,
        "CourseAngle": 10,
        "RadarType": 10,
        "Time": "2023-02-15 13:51:13.503524",
        "Target-Distance": "28",
        "Target-Angle": "0.40024065703397416"
    },
    {
        "Target-ID": 10,
        "TarDisLong": 27,
        "TarDisLat": 11,
        "TarDis": 10,
        "TarAngle": 10,
        "TarVrelLong": 7,
        "TarVrelLat": 7,
        "TarVrel": 10,
        "TarClass": 0,
        "RoadNo": 6,
        "CourseAngle": 10,
        "RadarType": 10,
        "Time": "2023-02-15 13:51:13.573584",
        "Target-Distance": "29",
        "Target-Angle": "0.3868757177310281"
    },

        {
          "Target-ID": 10,
          "TarDisLong": 28,
          "TarDisLat": 11,
          "TarDis": 10,
          "TarAngle": 10,
          "TarVrelLong": 7,
          "TarVrelLat": 7,
          "TarVrel": 10,
          "TarClass": 0,
          "RoadNo": 6,
          "CourseAngle": 10,
          "RadarType": 10,
          "Time": "2023-02-15 13:51:13.626003",
          "Target-Distance": "30",
          "Target-Angle": "0.3743336160075839"
        },
        {
          "Target-ID": 10,
          "TarDisLong": 28,
          "TarDisLat": 12,
          "TarDis": 10,
          "TarAngle": 10,
          "TarVrelLong": 7,
          "TarVrelLat": 7,
          "TarVrel": 10,
          "TarClass": 0,
          "RoadNo": 6,
          "CourseAngle": 10,
          "RadarType": 10,
          "Time": "2023-02-15 13:51:13.647670",
          "Target-Distance": "30",
          "Target-Angle": "0.40489178628508343"
        },
        {
          "Target-ID": 10,
          "TarDisLong": 29,
          "TarDisLat": 12,
          "TarDis": 10,
          "TarAngle": 10,
          "TarVrelLong": 7,
          "TarVrelLat": 7,
          "TarVrel": 10,
          "TarClass": 0,
          "RoadNo": 6,
          "CourseAngle": 10,
          "RadarType": 10,
          "Time": "2023-02-15 13:51:13.669229",
          "Target-Distance": "31",
          "Target-Angle": "0.3923401442155158"
        },
        {
          "Target-ID": 10,
          "TarDisLong": 29,
          "TarDisLat": 13,
          "TarDis": 10,
          "TarAngle": 10,
          "TarVrelLong": 7,
          "TarVrelLat": 7,
          "TarVrel": 10,
          "TarClass": 0,
          "RoadNo": 6,
          "CourseAngle": 10,
          "RadarType": 10,
          "Time": "2023-02-15 13:51:13.691750",
          "Target-Distance": "31",
          "Target-Angle": "0.4214192068878042"
        },
        {
          "Target-ID": 10,
          "TarDisLong": 30,
          "TarDisLat": 13,
          "TarDis": 10,
          "TarAngle": 10,
          "TarVrelLong": 7,
          "TarVrelLat": 7,
          "TarVrel": 10,
          "TarClass": 0,
          "RoadNo": 6,
          "CourseAngle": 10,
          "RadarType": 10,
          "Time": "2023-02-15 13:51:13.734291",
          "Target-Distance": "32",
          "Target-Angle": "0.4089078289509254"
        },
        {
            "Target-ID": 10,
            "TarDisLong": 30,
            "TarDisLat": 14,
            "TarDis": 10,
            "TarAngle": 10,
            "TarVrelLong": 7,
            "TarVrelLat": 7,
            "TarVrel": 10,
            "TarClass": 0,
            "RoadNo": 6,
            "CourseAngle": 10,
            "RadarType": 10,
            "Time": "2023-02-15 13:51:13.786332",
            "Target-Distance": "33",
            "Target-Angle": "0.43662715981354133"
            },
            {
            "Target-ID": 10,
            "TarDisLong": 31,
            "TarDisLat": 14,
            "TarDis": 10,
            "TarAngle": 10,
            "TarVrelLong": 7,
            "TarVrelLat": 7,
            "TarVrel": 10,
            "TarClass": 0,
            "RoadNo": 6,
            "CourseAngle": 10,
            "RadarType": 10,
            "Time": "2023-02-15 13:51:13.804320",
            "Target-Distance": "34",
            "Target-Angle": "0.4241944079037666"
            },
            {
            "Target-ID": 10,
            "TarDisLong": 32,
            "TarDisLat": 15,
            "TarDis": 10,
            "TarAngle": 10,
            "TarVrelLong": 7,
            "TarVrelLat": 7,
            "TarVrel": 10,
            "TarClass": 0,
            "RoadNo": 6,
            "CourseAngle": 10,
            "RadarType": 10,
            "Time": "2023-02-15 13:51:13.842523",
            "Target-Distance": "35",
            "Target-Angle": "0.43833655985795783"
            },
            {
            "Target-ID": 10,
            "TarDisLong": 32,
            "TarDisLat": 15,
            "TarDis": 10,
            "TarAngle": 10,
            "TarVrelLong": 7,
            "TarVrelLat": 7,
            "TarVrel": 10,
            "TarClass": 0,
            "RoadNo": 6,
            "CourseAngle": 10,
            "RadarType": 10,
            "Time": "2023-02-15 13:51:13.864388",
            "Target-Distance": "35",
            "Target-Angle": "0.43833655985795783"
            }

]